{
  "average": [
    0.027777777777777776
  ],
  "0": {
    "test": [
      0.0
    ]
  },
  "1": {
    "test": [
      0.3333333333333333
    ]
  },
  "2": {
    "test": [
      0.0
    ]
  },
  "3": {
    "test": [
      0.0
    ]
  },
  "4": {
    "test": [
      0.0
    ]
  }
}