{
  "average": [
    0.3805970149253731
  ],
  "0": {
    "eval_out_of_distribution": [
      0.7916666666666666
    ]
  },
  "1": {
    "eval_out_of_distribution": [
      0.3870967741935484
    ]
  },
  "2": {
    "eval_out_of_distribution": [
      0.13043478260869565
    ]
  },
  "3": {
    "eval_out_of_distribution": [
      0.14285714285714285
    ]
  },
  "4": {
    "eval_out_of_distribution": [
      0.2777777777777778
    ]
  },
  "5": {
    "eval_out_of_distribution": [
      0.5294117647058824
    ]
  }
}