{
  "average": [
    0.1417910447761194
  ],
  "0": {
    "eval_out_of_distribution": [
      0.25
    ]
  },
  "1": {
    "eval_out_of_distribution": [
      0.0967741935483871
    ]
  },
  "2": {
    "eval_out_of_distribution": [
      0.08695652173913043
    ]
  },
  "3": {
    "eval_out_of_distribution": [
      0.19047619047619047
    ]
  },
  "4": {
    "eval_out_of_distribution": [
      0.2222222222222222
    ]
  },
  "5": {
    "eval_out_of_distribution": [
      0.0
    ]
  }
}