{
  "average": [
    0.5563333333333333
  ],
  "score": [
    0.0,
    1.0,
    0.75,
    0.75,
    0.5,
    1.0,
    1.0,
    1.0,
    0.0,
    0.6666666666666666,
    0.0,
    0.0,
    1.0,
    1.0,
    0.0,
    0.0,
    0.0,
    1.0,
    0.5,
    0.6666666666666666,
    0.0,
    1.0,
    1.0,
    0.5,
    1.0,
    0.4,
    1.0,
    0.1,
    0.06666666666666667,
    0.0,
    0.5,
    0.0,
    1.0,
    0.0,
    0.5,
    0.5,
    0.25,
    0.3333333333333333,
    0.0,
    1.0,
    1.0,
    0.75,
    0.5,
    0.6666666666666666,
    1.0,
    1.0,
    0.5,
    0.6666666666666666,
    0.75,
    1.0
  ]
}