{
  "average": [
    0.4925373134328358
  ],
  "0": {
    "eval_out_of_distribution": [
      0.5416666666666666
    ]
  },
  "1": {
    "eval_out_of_distribution": [
      0.5806451612903226
    ]
  },
  "2": {
    "eval_out_of_distribution": [
      0.5652173913043478
    ]
  },
  "3": {
    "eval_out_of_distribution": [
      0.42857142857142855
    ]
  },
  "4": {
    "eval_out_of_distribution": [
      0.3333333333333333
    ]
  },
  "5": {
    "eval_out_of_distribution": [
      0.4117647058823529
    ]
  }
}