{
  "average": [
    0.582089552238806
  ],
  "0": {
    "eval_out_of_distribution": [
      0.9166666666666666
    ]
  },
  "1": {
    "eval_out_of_distribution": [
      0.6451612903225806
    ]
  },
  "2": {
    "eval_out_of_distribution": [
      0.7391304347826086
    ]
  },
  "3": {
    "eval_out_of_distribution": [
      0.7142857142857143
    ]
  },
  "4": {
    "eval_out_of_distribution": [
      0.16666666666666666
    ]
  },
  "5": {
    "eval_out_of_distribution": [
      0.058823529411764705
    ]
  }
}