{
  "average": [
    0.5447761194029851
  ],
  "0": {
    "eval_out_of_distribution": [
      0.9166666666666666
    ]
  },
  "1": {
    "eval_out_of_distribution": [
      0.5483870967741935
    ]
  },
  "2": {
    "eval_out_of_distribution": [
      0.13043478260869565
    ]
  },
  "3": {
    "eval_out_of_distribution": [
      0.3333333333333333
    ]
  },
  "4": {
    "eval_out_of_distribution": [
      0.4444444444444444
    ]
  },
  "5": {
    "eval_out_of_distribution": [
      0.9411764705882353
    ]
  }
}