{
  "average": [
    0.5383
  ],
  "score": [
    0.0,
    1.0,
    0.75,
    0.0,
    0.25,
    0.6,
    1.0,
    1.0,
    0.0,
    0.04000000000000001,
    0.6666666666666666,
    0.0,
    0.3333333333333333,
    1.0,
    0.0,
    0.0,
    0.75,
    1.0,
    1.0,
    1.0,
    1.0,
    0.0,
    1.0,
    1.0,
    0.6,
    1.0,
    1.0,
    0.06666666666666667,
    0.0,
    1.0,
    0.1,
    1.0,
    0.375,
    0.0,
    0.05,
    0.5,
    0.5,
    1.0,
    0.5,
    1.0,
    0.3333333333333333,
    0.25,
    0.75,
    1.0,
    0.3333333333333333,
    0.0,
    0.0,
    0.6666666666666666,
    1.0,
    0.5
  ]
}