{
  "average": [
    0.7686567164179104
  ],
  "0": {
    "eval_out_of_distribution": [
      0.9583333333333334
    ]
  },
  "1": {
    "eval_out_of_distribution": [
      0.7741935483870968
    ]
  },
  "2": {
    "eval_out_of_distribution": [
      0.391304347826087
    ]
  },
  "3": {
    "eval_out_of_distribution": [
      0.8095238095238095
    ]
  },
  "4": {
    "eval_out_of_distribution": [
      0.8888888888888888
    ]
  },
  "5": {
    "eval_out_of_distribution": [
      0.8235294117647058
    ]
  }
}