{
  "average": [
    0.5096666666666668
  ],
  "score": [
    0.5,
    1.0,
    0.0,
    0.0,
    0.5,
    1.0,
    1.0,
    0.0,
    0.6666666666666666,
    0.6666666666666666,
    0.8,
    0.4,
    1.0,
    0.6666666666666666,
    0.0,
    0.25,
    0.25,
    0.5,
    0.6666666666666666,
    0.0,
    0.5,
    0.3333333333333333,
    0.6666666666666666,
    0.4,
    1.0,
    0.0,
    0.5,
    0.6,
    0.0,
    0.1,
    1.0,
    1.0,
    0.5,
    0.6666666666666666,
    0.0,
    0.1,
    0.5,
    0.16666666666666666,
    1.0,
    0.75,
    0.75,
    0.0,
    0.0,
    0.6666666666666666,
    1.0,
    0.0,
    0.75,
    0.6666666666666666,
    1.0,
    1.0
  ]
}