{
  "average": [
    0.5895522388059702
  ],
  "0": {
    "eval_out_of_distribution": [
      0.9166666666666666
    ]
  },
  "1": {
    "eval_out_of_distribution": [
      0.6774193548387096
    ]
  },
  "2": {
    "eval_out_of_distribution": [
      0.21739130434782608
    ]
  },
  "3": {
    "eval_out_of_distribution": [
      0.7619047619047619
    ]
  },
  "4": {
    "eval_out_of_distribution": [
      0.2222222222222222
    ]
  },
  "5": {
    "eval_out_of_distribution": [
      0.6470588235294118
    ]
  }
}