{
  "average": [
    0.16666666666666666
  ],
  "0": {
    "test": [
      0.0
    ]
  },
  "1": {
    "test": [
      0.5
    ]
  },
  "2": {
    "test": [
      0.2
    ]
  },
  "3": {
    "test": [
      0.07692307692307693
    ]
  },
  "4": {
    "test": [
      0.15625
    ]
  }
}