{
  "average": [
    0.2222222222222222
  ],
  "0": {
    "test": [
      0.0
    ]
  },
  "1": {
    "test": [
      0.6666666666666666
    ]
  },
  "2": {
    "test": [
      0.13333333333333333
    ]
  },
  "3": {
    "test": [
      0.38461538461538464
    ]
  },
  "4": {
    "test": [
      0.15625
    ]
  }
}