{
  "average": [
    0.19444444444444445
  ],
  "0": {
    "test": [
      0.0
    ]
  },
  "1": {
    "test": [
      0.8333333333333334
    ]
  },
  "2": {
    "test": [
      0.0
    ]
  },
  "3": {
    "test": [
      0.15384615384615385
    ]
  },
  "4": {
    "test": [
      0.21875
    ]
  }
}