{
  "average": [
    0.1527777777777778
  ],
  "0": {
    "test": [
      0.0
    ]
  },
  "1": {
    "test": [
      0.5
    ]
  },
  "2": {
    "test": [
      0.0
    ]
  },
  "3": {
    "test": [
      0.23076923076923078
    ]
  },
  "4": {
    "test": [
      0.15625
    ]
  }
}