{
  "average": [
    0.041666666666666664
  ],
  "0": {
    "test": [
      0.0
    ]
  },
  "1": {
    "test": [
      0.3333333333333333
    ]
  },
  "2": {
    "test": [
      0.06666666666666667
    ]
  },
  "3": {
    "test": [
      0.0
    ]
  },
  "4": {
    "test": [
      0.0
    ]
  }
}