{
  "average": [
    0.1527777777777778
  ],
  "0": {
    "test": [
      0.16666666666666666
    ]
  },
  "1": {
    "test": [
      0.5
    ]
  },
  "2": {
    "test": [
      0.0
    ]
  },
  "3": {
    "test": [
      0.0
    ]
  },
  "4": {
    "test": [
      0.21875
    ]
  }
}