{
  "average": [
    0.09722222222222222
  ],
  "0": {
    "test": [
      0.0
    ]
  },
  "1": {
    "test": [
      0.3333333333333333
    ]
  },
  "2": {
    "test": [
      0.0
    ]
  },
  "3": {
    "test": [
      0.38461538461538464
    ]
  },
  "4": {
    "test": [
      0.0
    ]
  }
}