{
  "average": [
    0.09701492537313433
  ],
  "0": {
    "eval_out_of_distribution": [
      0.20833333333333334
    ]
  },
  "1": {
    "eval_out_of_distribution": [
      0.06451612903225806
    ]
  },
  "2": {
    "eval_out_of_distribution": [
      0.17391304347826086
    ]
  },
  "3": {
    "eval_out_of_distribution": [
      0.0
    ]
  },
  "4": {
    "eval_out_of_distribution": [
      0.05555555555555555
    ]
  },
  "5": {
    "eval_out_of_distribution": [
      0.058823529411764705
    ]
  }
}