{
  "average": [
    0.25
  ],
  "0": {
    "test": [
      0.0
    ]
  },
  "1": {
    "test": [
      0.8333333333333334
    ]
  },
  "2": {
    "test": [
      0.0
    ]
  },
  "3": {
    "test": [
      0.46153846153846156
    ]
  },
  "4": {
    "test": [
      0.21875
    ]
  }
}