{
  "average": [
    0.5447761194029851
  ],
  "0": {
    "eval_out_of_distribution": [
      0.8333333333333334
    ]
  },
  "1": {
    "eval_out_of_distribution": [
      0.7419354838709677
    ]
  },
  "2": {
    "eval_out_of_distribution": [
      0.5217391304347826
    ]
  },
  "3": {
    "eval_out_of_distribution": [
      0.19047619047619047
    ]
  },
  "4": {
    "eval_out_of_distribution": [
      0.5
    ]
  },
  "5": {
    "eval_out_of_distribution": [
      0.29411764705882354
    ]
  }
}