{
  "average": [
    0.1527777777777778
  ],
  "0": {
    "test": [
      0.0
    ]
  },
  "1": {
    "test": [
      0.3333333333333333
    ]
  },
  "2": {
    "test": [
      0.2
    ]
  },
  "3": {
    "test": [
      0.07692307692307693
    ]
  },
  "4": {
    "test": [
      0.15625
    ]
  }
}