{
  "average": [
    0.2777777777777778
  ],
  "0": {
    "test": [
      0.0
    ]
  },
  "1": {
    "test": [
      0.8333333333333334
    ]
  },
  "2": {
    "test": [
      0.06666666666666667
    ]
  },
  "3": {
    "test": [
      0.6153846153846154
    ]
  },
  "4": {
    "test": [
      0.1875
    ]
  }
}