{
  "average": [
    0.6940298507462687
  ],
  "0": {
    "eval_out_of_distribution": [
      0.75
    ]
  },
  "1": {
    "eval_out_of_distribution": [
      0.7096774193548387
    ]
  },
  "2": {
    "eval_out_of_distribution": [
      0.7391304347826086
    ]
  },
  "3": {
    "eval_out_of_distribution": [
      0.7142857142857143
    ]
  },
  "4": {
    "eval_out_of_distribution": [
      0.4444444444444444
    ]
  },
  "5": {
    "eval_out_of_distribution": [
      0.7647058823529411
    ]
  }
}