{
  "average": [
    0.4305555555555556
  ],
  "0": {
    "test": [
      0.3333333333333333
    ]
  },
  "1": {
    "test": [
      0.5
    ]
  },
  "2": {
    "test": [
      0.2
    ]
  },
  "3": {
    "test": [
      0.6923076923076923
    ]
  },
  "4": {
    "test": [
      0.4375
    ]
  }
}