{
  "average": [
    0.16666666666666666
  ],
  "0": {
    "test": [
      0.0
    ]
  },
  "1": {
    "test": [
      0.6666666666666666
    ]
  },
  "2": {
    "test": [
      0.13333333333333333
    ]
  },
  "3": {
    "test": [
      0.46153846153846156
    ]
  },
  "4": {
    "test": [
      0.0
    ]
  }
}