{
  "average": [
    0.40769999999999995
  ],
  "score": [
    1.0,
    1.0,
    1.0,
    0.25,
    0.0,
    0.4,
    0.375,
    0.0,
    0.06,
    1.0,
    0.0,
    0.0,
    0.6666666666666666,
    1.0,
    0.6666666666666666,
    0.75,
    0.25,
    0.0,
    0.6666666666666666,
    0.0,
    1.0,
    0.0,
    0.6666666666666666,
    0.0,
    0.0,
    0.4,
    0.0,
    0.0,
    1.0,
    1.0,
    0.1,
    0.0,
    0.0,
    0.0,
    0.5,
    0.5,
    0.5,
    0.5,
    0.0,
    0.0,
    1.0,
    0.25,
    0.05,
    0.0,
    0.3333333333333333,
    0.75,
    0.0,
    1.0,
    0.75,
    1.0
  ]
}