{
  "average": [
    0.3283582089552239
  ],
  "0": {
    "eval_out_of_distribution": [
      0.5416666666666666
    ]
  },
  "1": {
    "eval_out_of_distribution": [
      0.3225806451612903
    ]
  },
  "2": {
    "eval_out_of_distribution": [
      0.43478260869565216
    ]
  },
  "3": {
    "eval_out_of_distribution": [
      0.3333333333333333
    ]
  },
  "4": {
    "eval_out_of_distribution": [
      0.2222222222222222
    ]
  },
  "5": {
    "eval_out_of_distribution": [
      0.0
    ]
  }
}