{
  "average": [
    0.23134328358208955
  ],
  "0": {
    "eval_out_of_distribution": [
      0.16666666666666666
    ]
  },
  "1": {
    "eval_out_of_distribution": [
      0.3225806451612903
    ]
  },
  "2": {
    "eval_out_of_distribution": [
      0.30434782608695654
    ]
  },
  "3": {
    "eval_out_of_distribution": [
      0.09523809523809523
    ]
  },
  "4": {
    "eval_out_of_distribution": [
      0.16666666666666666
    ]
  },
  "5": {
    "eval_out_of_distribution": [
      0.29411764705882354
    ]
  }
}