{
  "average": [
    0.11940298507462686
  ],
  "0": {
    "eval_out_of_distribution": [
      0.125
    ]
  },
  "1": {
    "eval_out_of_distribution": [
      0.25806451612903225
    ]
  },
  "2": {
    "eval_out_of_distribution": [
      0.17391304347826086
    ]
  },
  "3": {
    "eval_out_of_distribution": [
      0.0
    ]
  },
  "4": {
    "eval_out_of_distribution": [
      0.0
    ]
  },
  "5": {
    "eval_out_of_distribution": [
      0.058823529411764705
    ]
  }
}