{
  "average": [
    0.375
  ],
  "0": {
    "test": [
      0.5
    ]
  },
  "1": {
    "test": [
      1.0
    ]
  },
  "2": {
    "test": [
      0.26666666666666666
    ]
  },
  "3": {
    "test": [
      0.46153846153846156
    ]
  },
  "4": {
    "test": [
      0.25
    ]
  }
}