{
  "average": [
    0.19402985074626866
  ],
  "0": {
    "eval_out_of_distribution": [
      0.3333333333333333
    ]
  },
  "1": {
    "eval_out_of_distribution": [
      0.03225806451612903
    ]
  },
  "2": {
    "eval_out_of_distribution": [
      0.2608695652173913
    ]
  },
  "3": {
    "eval_out_of_distribution": [
      0.42857142857142855
    ]
  },
  "4": {
    "eval_out_of_distribution": [
      0.1111111111111111
    ]
  },
  "5": {
    "eval_out_of_distribution": [
      0.0
    ]
  }
}