{
  "average": [
    0.06716417910447761
  ],
  "0": {
    "eval_out_of_distribution": [
      0.20833333333333334
    ]
  },
  "1": {
    "eval_out_of_distribution": [
      0.03225806451612903
    ]
  },
  "2": {
    "eval_out_of_distribution": [
      0.0
    ]
  },
  "3": {
    "eval_out_of_distribution": [
      0.0
    ]
  },
  "4": {
    "eval_out_of_distribution": [
      0.1111111111111111
    ]
  },
  "5": {
    "eval_out_of_distribution": [
      0.058823529411764705
    ]
  }
}