{
  "average": [
    0.26865671641791045
  ],
  "0": {
    "eval_out_of_distribution": [
      0.16666666666666666
    ]
  },
  "1": {
    "eval_out_of_distribution": [
      0.3548387096774194
    ]
  },
  "2": {
    "eval_out_of_distribution": [
      0.391304347826087
    ]
  },
  "3": {
    "eval_out_of_distribution": [
      0.2857142857142857
    ]
  },
  "4": {
    "eval_out_of_distribution": [
      0.2222222222222222
    ]
  },
  "5": {
    "eval_out_of_distribution": [
      0.11764705882352941
    ]
  }
}