{
  "average": [
    0.7014925373134329
  ],
  "0": {
    "eval_out_of_distribution": [
      0.9583333333333334
    ]
  },
  "1": {
    "eval_out_of_distribution": [
      0.8709677419354839
    ]
  },
  "2": {
    "eval_out_of_distribution": [
      0.6956521739130435
    ]
  },
  "3": {
    "eval_out_of_distribution": [
      0.5238095238095238
    ]
  },
  "4": {
    "eval_out_of_distribution": [
      0.4444444444444444
    ]
  },
  "5": {
    "eval_out_of_distribution": [
      0.5294117647058824
    ]
  }
}