{
  "average": [
    0.2638888888888889
  ],
  "0": {
    "test": [
      0.0
    ]
  },
  "1": {
    "test": [
      0.5
    ]
  },
  "2": {
    "test": [
      0.0
    ]
  },
  "3": {
    "test": [
      0.38461538461538464
    ]
  },
  "4": {
    "test": [
      0.34375
    ]
  }
}