{
  "average": [
    0.43283582089552236
  ],
  "0": {
    "eval_out_of_distribution": [
      0.7083333333333334
    ]
  },
  "1": {
    "eval_out_of_distribution": [
      0.5161290322580645
    ]
  },
  "2": {
    "eval_out_of_distribution": [
      0.43478260869565216
    ]
  },
  "3": {
    "eval_out_of_distribution": [
      0.23809523809523808
    ]
  },
  "4": {
    "eval_out_of_distribution": [
      0.16666666666666666
    ]
  },
  "5": {
    "eval_out_of_distribution": [
      0.4117647058823529
    ]
  }
}