{
  "average": [
    0.43283582089552236
  ],
  "0": {
    "eval_out_of_distribution": [
      0.75
    ]
  },
  "1": {
    "eval_out_of_distribution": [
      0.45161290322580644
    ]
  },
  "2": {
    "eval_out_of_distribution": [
      0.08695652173913043
    ]
  },
  "3": {
    "eval_out_of_distribution": [
      0.47619047619047616
    ]
  },
  "4": {
    "eval_out_of_distribution": [
      0.3888888888888889
    ]
  },
  "5": {
    "eval_out_of_distribution": [
      0.4117647058823529
    ]
  }
}