{
  "average": [
    0.4552238805970149
  ],
  "0": {
    "eval_out_of_distribution": [
      0.5416666666666666
    ]
  },
  "1": {
    "eval_out_of_distribution": [
      0.6451612903225806
    ]
  },
  "2": {
    "eval_out_of_distribution": [
      0.6521739130434783
    ]
  },
  "3": {
    "eval_out_of_distribution": [
      0.38095238095238093
    ]
  },
  "4": {
    "eval_out_of_distribution": [
      0.16666666666666666
    ]
  },
  "5": {
    "eval_out_of_distribution": [
      0.11764705882352941
    ]
  }
}