{
  "average": [
    0.1111111111111111
  ],
  "0": {
    "test": [
      0.0
    ]
  },
  "1": {
    "test": [
      0.6666666666666666
    ]
  },
  "2": {
    "test": [
      0.06666666666666667
    ]
  },
  "3": {
    "test": [
      0.23076923076923078
    ]
  },
  "4": {
    "test": [
      0.0
    ]
  }
}