{
  "average": [
    0.1417910447761194
  ],
  "0": {
    "eval_out_of_distribution": [
      0.375
    ]
  },
  "1": {
    "eval_out_of_distribution": [
      0.03225806451612903
    ]
  },
  "2": {
    "eval_out_of_distribution": [
      0.043478260869565216
    ]
  },
  "3": {
    "eval_out_of_distribution": [
      0.047619047619047616
    ]
  },
  "4": {
    "eval_out_of_distribution": [
      0.16666666666666666
    ]
  },
  "5": {
    "eval_out_of_distribution": [
      0.23529411764705882
    ]
  }
}