{
  "average": [
    0.2366666666666667
  ],
  "score": [
    1.0,
    1.0,
    1.0,
    0.0,
    0.5,
    0.0,
    0.0,
    1.0,
    0.6666666666666666,
    0.0,
    0.0,
    0.0,
    0.6666666666666666,
    0.0,
    0.5,
    0.0,
    0.0,
    0.5,
    0.0,
    0.0,
    0.0,
    0.0,
    0.0,
    0.4,
    0.6666666666666666,
    0.0,
    0.0,
    0.0,
    0.06666666666666667,
    0.1,
    0.0,
    0.5,
    0.6666666666666666,
    0.0,
    0.5,
    0.5,
    0.0,
    0.0,
    0.0,
    0.0,
    0.0,
    0.0,
    0.5,
    0.0,
    0.0,
    1.0,
    0.0,
    0.1,
    0.0,
    0.0
  ]
}