{
  "average": [
    0.06944444444444445
  ],
  "0": {
    "test": [
      0.0
    ]
  },
  "1": {
    "test": [
      0.3333333333333333
    ]
  },
  "2": {
    "test": [
      0.0
    ]
  },
  "3": {
    "test": [
      0.23076923076923078
    ]
  },
  "4": {
    "test": [
      0.0
    ]
  }
}