{
  "average": [
    0.6044776119402985
  ],
  "0": {
    "eval_out_of_distribution": [
      0.7916666666666666
    ]
  },
  "1": {
    "eval_out_of_distribution": [
      0.6129032258064516
    ]
  },
  "2": {
    "eval_out_of_distribution": [
      0.6086956521739131
    ]
  },
  "3": {
    "eval_out_of_distribution": [
      0.5714285714285714
    ]
  },
  "4": {
    "eval_out_of_distribution": [
      0.4444444444444444
    ]
  },
  "5": {
    "eval_out_of_distribution": [
      0.5294117647058824
    ]
  }
}