{
  "average": [
    0.18055555555555555
  ],
  "0": {
    "test": [
      0.0
    ]
  },
  "1": {
    "test": [
      0.8333333333333334
    ]
  },
  "2": {
    "test": [
      0.0
    ]
  },
  "3": {
    "test": [
      0.23076923076923078
    ]
  },
  "4": {
    "test": [
      0.15625
    ]
  }
}