{
  "average": [
    0.16666666666666666
  ],
  "0": {
    "test": [
      0.0
    ]
  },
  "1": {
    "test": [
      0.6666666666666666
    ]
  },
  "2": {
    "test": [
      0.0
    ]
  },
  "3": {
    "test": [
      0.23076923076923078
    ]
  },
  "4": {
    "test": [
      0.15625
    ]
  }
}