{
  "average": [
    0.18055555555555555
  ],
  "0": {
    "test": [
      0.0
    ]
  },
  "1": {
    "test": [
      0.6666666666666666
    ]
  },
  "2": {
    "test": [
      0.0
    ]
  },
  "3": {
    "test": [
      0.15384615384615385
    ]
  },
  "4": {
    "test": [
      0.21875
    ]
  }
}