{
  "average": [
    0.3516666666666666
  ],
  "score": [
    0.5,
    1.0,
    0.6666666666666666,
    0.6666666666666666,
    1.0,
    0.5,
    1.0,
    0.5,
    1.0,
    1.0,
    1.0,
    0.3333333333333333,
    1.0,
    0.5,
    0.4,
    1.0,
    0.5,
    0.6666666666666666,
    1.0,
    0.6,
    0.3333333333333333,
    0.6666666666666666,
    0.0,
    0.0,
    0.0,
    0.75,
    1.0,
    0.0,
    0.0,
    0.0,
    0.0,
    0.0,
    0.0,
    0.0,
    0.0,
    0.0,
    0.0,
    0.0,
    0.0,
    0.0,
    0.0,
    0.0,
    0.0,
    0.0,
    0.0,
    0.0,
    0.0,
    0.0,
    0.0,
    0.0
  ]
}