{
  "average": [
    0.11940298507462686
  ],
  "0": {
    "eval_out_of_distribution": [
      0.4166666666666667
    ]
  },
  "1": {
    "eval_out_of_distribution": [
      0.0967741935483871
    ]
  },
  "2": {
    "eval_out_of_distribution": [
      0.0
    ]
  },
  "3": {
    "eval_out_of_distribution": [
      0.0
    ]
  },
  "4": {
    "eval_out_of_distribution": [
      0.05555555555555555
    ]
  },
  "5": {
    "eval_out_of_distribution": [
      0.11764705882352941
    ]
  }
}