{
  "average": [
    0.48507462686567165
  ],
  "0": {
    "eval_out_of_distribution": [
      0.7083333333333334
    ]
  },
  "1": {
    "eval_out_of_distribution": [
      0.6129032258064516
    ]
  },
  "2": {
    "eval_out_of_distribution": [
      0.4782608695652174
    ]
  },
  "3": {
    "eval_out_of_distribution": [
      0.38095238095238093
    ]
  },
  "4": {
    "eval_out_of_distribution": [
      0.1111111111111111
    ]
  },
  "5": {
    "eval_out_of_distribution": [
      0.47058823529411764
    ]
  }
}