{
  "average": [
    0.5895522388059702
  ],
  "0": {
    "eval_out_of_distribution": [
      1.0
    ]
  },
  "1": {
    "eval_out_of_distribution": [
      0.7419354838709677
    ]
  },
  "2": {
    "eval_out_of_distribution": [
      0.08695652173913043
    ]
  },
  "3": {
    "eval_out_of_distribution": [
      0.23809523809523808
    ]
  },
  "4": {
    "eval_out_of_distribution": [
      0.5555555555555556
    ]
  },
  "5": {
    "eval_out_of_distribution": [
      0.8823529411764706
    ]
  }
}