{
  "average": [
    0.7910447761194029
  ],
  "0": {
    "eval_out_of_distribution": [
      1.0
    ]
  },
  "1": {
    "eval_out_of_distribution": [
      0.8387096774193549
    ]
  },
  "2": {
    "eval_out_of_distribution": [
      0.782608695652174
    ]
  },
  "3": {
    "eval_out_of_distribution": [
      0.7142857142857143
    ]
  },
  "4": {
    "eval_out_of_distribution": [
      0.5555555555555556
    ]
  },
  "5": {
    "eval_out_of_distribution": [
      0.7647058823529411
    ]
  }
}