{
  "average": [
    0.40298507462686567
  ],
  "0": {
    "eval_out_of_distribution": [
      0.7916666666666666
    ]
  },
  "1": {
    "eval_out_of_distribution": [
      0.3870967741935484
    ]
  },
  "2": {
    "eval_out_of_distribution": [
      0.30434782608695654
    ]
  },
  "3": {
    "eval_out_of_distribution": [
      0.3333333333333333
    ]
  },
  "4": {
    "eval_out_of_distribution": [
      0.3888888888888889
    ]
  },
  "5": {
    "eval_out_of_distribution": [
      0.11764705882352941
    ]
  }
}