{
  "average": [
    0.3805970149253731
  ],
  "0": {
    "eval_out_of_distribution": [
      0.6666666666666666
    ]
  },
  "1": {
    "eval_out_of_distribution": [
      0.45161290322580644
    ]
  },
  "2": {
    "eval_out_of_distribution": [
      0.17391304347826086
    ]
  },
  "3": {
    "eval_out_of_distribution": [
      0.42857142857142855
    ]
  },
  "4": {
    "eval_out_of_distribution": [
      0.2222222222222222
    ]
  },
  "5": {
    "eval_out_of_distribution": [
      0.23529411764705882
    ]
  }
}