{
  "average": [
    0.09722222222222222
  ],
  "0": {
    "test": [
      0.0
    ]
  },
  "1": {
    "test": [
      0.5
    ]
  },
  "2": {
    "test": [
      0.0
    ]
  },
  "3": {
    "test": [
      0.3076923076923077
    ]
  },
  "4": {
    "test": [
      0.0
    ]
  }
}