{
  "average": [
    0.18055555555555555
  ],
  "0": {
    "test": [
      0.0
    ]
  },
  "1": {
    "test": [
      0.6666666666666666
    ]
  },
  "2": {
    "test": [
      0.13333333333333333
    ]
  },
  "3": {
    "test": [
      0.3076923076923077
    ]
  },
  "4": {
    "test": [
      0.09375
    ]
  }
}