{
  "average": [
    0.27699999999999997
  ],
  "score": [
    1.0,
    1.0,
    0.0,
    0.75,
    0.0,
    0.0,
    0.0,
    1.0,
    0.0,
    0.6666666666666666,
    0.0,
    0.0,
    1.0,
    0.0,
    0.0,
    0.0,
    0.0,
    0.5,
    0.0,
    0.0,
    0.5,
    0.0,
    0.0,
    0.0,
    1.0,
    0.0,
    0.4,
    0.0,
    0.0,
    1.0,
    0.0,
    0.0,
    0.0,
    1.0,
    0.1,
    0.5,
    0.0,
    0.0,
    0.0,
    0.0,
    0.5,
    0.0,
    0.0,
    0.6666666666666666,
    0.0,
    1.0,
    0.0,
    0.5,
    0.6666666666666666,
    0.1
  ]
}