{
  "average": [
    0.6343283582089553
  ],
  "0": {
    "eval_out_of_distribution": [
      0.875
    ]
  },
  "1": {
    "eval_out_of_distribution": [
      0.8387096774193549
    ]
  },
  "2": {
    "eval_out_of_distribution": [
      0.7391304347826086
    ]
  },
  "3": {
    "eval_out_of_distribution": [
      0.7619047619047619
    ]
  },
  "4": {
    "eval_out_of_distribution": [
      0.1111111111111111
    ]
  },
  "5": {
    "eval_out_of_distribution": [
      0.17647058823529413
    ]
  }
}