{
  "average": [
    0.1111111111111111
  ],
  "0": {
    "test": [
      0.0
    ]
  },
  "1": {
    "test": [
      0.5
    ]
  },
  "2": {
    "test": [
      0.13333333333333333
    ]
  },
  "3": {
    "test": [
      0.23076923076923078
    ]
  },
  "4": {
    "test": [
      0.0
    ]
  }
}