{
  "average": [
    0.05970149253731343
  ],
  "0": {
    "eval_out_of_distribution": [
      0.08333333333333333
    ]
  },
  "1": {
    "eval_out_of_distribution": [
      0.06451612903225806
    ]
  },
  "2": {
    "eval_out_of_distribution": [
      0.0
    ]
  },
  "3": {
    "eval_out_of_distribution": [
      0.0
    ]
  },
  "4": {
    "eval_out_of_distribution": [
      0.2222222222222222
    ]
  },
  "5": {
    "eval_out_of_distribution": [
      0.0
    ]
  }
}