{
  "average": [
    0.5230000000000001
  ],
  "score": [
    0.4,
    0.5,
    0.1,
    1.0,
    0.6666666666666666,
    0.5,
    1.0,
    0.6666666666666666,
    0.5,
    0.6666666666666666,
    0.75,
    0.25,
    0.6666666666666666,
    0.75,
    1.0,
    1.0,
    1.0,
    0.5,
    1.0,
    0.6666666666666666,
    1.0,
    0.5,
    0.8,
    1.0,
    0.1,
    1.0,
    0.5,
    0.75,
    0.0,
    1.0,
    0.75,
    0.6666666666666666,
    0.6666666666666666,
    0.6666666666666666,
    0.6666666666666666,
    0.75,
    0.6666666666666666,
    0.25,
    0.3333333333333333,
    0.0,
    0.0,
    0.0,
    0.5,
    0.0,
    0.0,
    0.0,
    0.0,
    0.0,
    0.0,
    0.0
  ]
}