{
  "average": [
    0.5223880597014925
  ],
  "0": {
    "eval_out_of_distribution": [
      0.9166666666666666
    ]
  },
  "1": {
    "eval_out_of_distribution": [
      0.6451612903225806
    ]
  },
  "2": {
    "eval_out_of_distribution": [
      0.13043478260869565
    ]
  },
  "3": {
    "eval_out_of_distribution": [
      0.47619047619047616
    ]
  },
  "4": {
    "eval_out_of_distribution": [
      0.2777777777777778
    ]
  },
  "5": {
    "eval_out_of_distribution": [
      0.5882352941176471
    ]
  }
}