{
  "average": [
    0.013888888888888888
  ],
  "0": {
    "test": [
      0.0
    ]
  },
  "1": {
    "test": [
      0.0
    ]
  },
  "2": {
    "test": [
      0.0
    ]
  },
  "3": {
    "test": [
      0.0
    ]
  },
  "4": {
    "test": [
      0.03125
    ]
  }
}