{
  "average": [
    0.3472222222222222
  ],
  "0": {
    "test": [
      0.5
    ]
  },
  "1": {
    "test": [
      1.0
    ]
  },
  "2": {
    "test": [
      0.13333333333333333
    ]
  },
  "3": {
    "test": [
      0.38461538461538464
    ]
  },
  "4": {
    "test": [
      0.28125
    ]
  }
}