{
  "average": [
    0.1388888888888889
  ],
  "0": {
    "test": [
      0.0
    ]
  },
  "1": {
    "test": [
      0.6666666666666666
    ]
  },
  "2": {
    "test": [
      0.0
    ]
  },
  "3": {
    "test": [
      0.15384615384615385
    ]
  },
  "4": {
    "test": [
      0.125
    ]
  }
}