{
  "average": [
    0.4552238805970149
  ],
  "0": {
    "eval_out_of_distribution": [
      0.8333333333333334
    ]
  },
  "1": {
    "eval_out_of_distribution": [
      0.41935483870967744
    ]
  },
  "2": {
    "eval_out_of_distribution": [
      0.13043478260869565
    ]
  },
  "3": {
    "eval_out_of_distribution": [
      0.047619047619047616
    ]
  },
  "4": {
    "eval_out_of_distribution": [
      0.5555555555555556
    ]
  },
  "5": {
    "eval_out_of_distribution": [
      0.8235294117647058
    ]
  }
}