{
  "average": [
    0.3333333333333333
  ],
  "0": {
    "test": [
      0.5
    ]
  },
  "1": {
    "test": [
      0.8333333333333334
    ]
  },
  "2": {
    "test": [
      0.2
    ]
  },
  "3": {
    "test": [
      0.5384615384615384
    ]
  },
  "4": {
    "test": [
      0.1875
    ]
  }
}