{
  "average": [
    0.38400000000000006
  ],
  "score": [
    0.0,
    1.0,
    0.75,
    0.5,
    0.5,
    0.8,
    0.0,
    0.0,
    0.0,
    0.0,
    0.0,
    0.6666666666666666,
    0.0,
    0.0,
    0.6666666666666666,
    0.0,
    0.5,
    0.0,
    0.75,
    0.06666666666666667,
    1.0,
    0.0,
    1.0,
    0.0,
    0.0,
    0.0,
    0.4,
    0.0,
    0.0,
    0.1,
    0.0,
    1.0,
    0.75,
    0.6666666666666666,
    0.0,
    0.5,
    0.5,
    1.0,
    0.75,
    0.0,
    0.75,
    0.0,
    0.5,
    1.0,
    0.5,
    0.6666666666666666,
    0.75,
    0.6666666666666666,
    0.5,
    0.0
  ]
}