{
  "average": [
    0.2222222222222222
  ],
  "0": {
    "test": [
      0.3333333333333333
    ]
  },
  "1": {
    "test": [
      0.16666666666666666
    ]
  },
  "2": {
    "test": [
      0.13333333333333333
    ]
  },
  "3": {
    "test": [
      0.23076923076923078
    ]
  },
  "4": {
    "test": [
      0.25
    ]
  }
}