{
  "average": [
    0.47850000000000004
  ],
  "score": [
    0.5,
    0.0,
    0.75,
    0.0,
    0.75,
    0.8,
    1.0,
    0.07500000000000001,
    0.6666666666666666,
    1.0,
    0.0,
    0.6666666666666666,
    0.0,
    0.0,
    1.0,
    0.0,
    0.0,
    1.0,
    0.25,
    1.0,
    0.06666666666666667,
    0.0,
    0.0,
    1.0,
    1.0,
    0.75,
    0.4,
    0.0,
    0.06666666666666667,
    0.1,
    0.0,
    1.0,
    0.75,
    0.6666666666666666,
    0.0,
    0.5,
    0.75,
    1.0,
    0.5,
    0.0,
    0.75,
    0.3333333333333333,
    0.0,
    1.0,
    1.0,
    0.6666666666666666,
    0.75,
    0.6666666666666666,
    0.75,
    0.0
  ]
}