{
  "average": [
    0.6791044776119403
  ],
  "0": {
    "eval_out_of_distribution": [
      0.7916666666666666
    ]
  },
  "1": {
    "eval_out_of_distribution": [
      0.7419354838709677
    ]
  },
  "2": {
    "eval_out_of_distribution": [
      0.6956521739130435
    ]
  },
  "3": {
    "eval_out_of_distribution": [
      0.7619047619047619
    ]
  },
  "4": {
    "eval_out_of_distribution": [
      0.3333333333333333
    ]
  },
  "5": {
    "eval_out_of_distribution": [
      0.6470588235294118
    ]
  }
}