{
  "average": [
    0.5489999999999999
  ],
  "score": [
    0.5,
    1.0,
    0.75,
    1.0,
    0.5,
    0.5,
    1.0,
    1.0,
    0.3333333333333333,
    0.8,
    1.0,
    0.0,
    0.0,
    0.6666666666666666,
    0.0,
    0.0,
    1.0,
    0.0,
    1.0,
    0.5,
    0.6666666666666666,
    0.0,
    1.0,
    1.0,
    0.0,
    0.4,
    1.0,
    0.0,
    0.06666666666666667,
    1.0,
    0.1,
    1.0,
    0.5,
    1.0,
    0.5,
    0.25,
    1.0,
    0.5,
    0.3333333333333333,
    0.75,
    1.0,
    0.5,
    1.0,
    0.0,
    0.6666666666666666,
    0.0,
    0.5,
    0.6666666666666666,
    0.5,
    0.0
  ]
}