{
  "average": [
    0.4253731343283582
  ],
  "0": {
    "eval_out_of_distribution": [
      0.625
    ]
  },
  "1": {
    "eval_out_of_distribution": [
      0.6129032258064516
    ]
  },
  "2": {
    "eval_out_of_distribution": [
      0.30434782608695654
    ]
  },
  "3": {
    "eval_out_of_distribution": [
      0.2857142857142857
    ]
  },
  "4": {
    "eval_out_of_distribution": [
      0.5
    ]
  },
  "5": {
    "eval_out_of_distribution": [
      0.058823529411764705
    ]
  }
}