{
  "average": [
    0.48179999999999995
  ],
  "score": [
    0.5,
    0.75,
    1.0,
    0.5,
    0.75,
    1.0,
    0.6,
    0.0,
    0.0,
    0.0,
    1.0,
    0.0,
    0.04000000000000001,
    1.0,
    0.25,
    0.16666666666666666,
    0.6666666666666666,
    0.5,
    0.5,
    0.6666666666666666,
    0.25,
    0.0,
    0.3333333333333333,
    0.0,
    0.16666666666666666,
    0.6,
    0.25,
    0.4,
    1.0,
    0.6666666666666666,
    0.1,
    0.5,
    0.1,
    1.0,
    0.5,
    0.5,
    0.5,
    1.0,
    0.25,
    0.0,
    0.0,
    0.5,
    0.3333333333333333,
    1.0,
    0.3333333333333333,
    1.0,
    0.6666666666666666,
    0.75,
    1.0,
    0.5
  ]
}