{
  "average": [
    0.5298507462686567
  ],
  "0": {
    "eval_out_of_distribution": [
      0.7083333333333334
    ]
  },
  "1": {
    "eval_out_of_distribution": [
      0.6774193548387096
    ]
  },
  "2": {
    "eval_out_of_distribution": [
      0.5652173913043478
    ]
  },
  "3": {
    "eval_out_of_distribution": [
      0.3333333333333333
    ]
  },
  "4": {
    "eval_out_of_distribution": [
      0.3333333333333333
    ]
  },
  "5": {
    "eval_out_of_distribution": [
      0.4117647058823529
    ]
  }
}