{
  "average": [
    0.26119402985074625
  ],
  "0": {
    "eval_out_of_distribution": [
      0.5
    ]
  },
  "1": {
    "eval_out_of_distribution": [
      0.2903225806451613
    ]
  },
  "2": {
    "eval_out_of_distribution": [
      0.30434782608695654
    ]
  },
  "3": {
    "eval_out_of_distribution": [
      0.09523809523809523
    ]
  },
  "4": {
    "eval_out_of_distribution": [
      0.16666666666666666
    ]
  },
  "5": {
    "eval_out_of_distribution": [
      0.11764705882352941
    ]
  }
}