{
  "average": [
    0.05223880597014925
  ],
  "0": {
    "eval_out_of_distribution": [
      0.08333333333333333
    ]
  },
  "1": {
    "eval_out_of_distribution": [
      0.0
    ]
  },
  "2": {
    "eval_out_of_distribution": [
      0.0
    ]
  },
  "3": {
    "eval_out_of_distribution": [
      0.047619047619047616
    ]
  },
  "4": {
    "eval_out_of_distribution": [
      0.16666666666666666
    ]
  },
  "5": {
    "eval_out_of_distribution": [
      0.058823529411764705
    ]
  }
}