{
  "average": [
    0.05223880597014925
  ],
  "0": {
    "eval_out_of_distribution": [
      0.041666666666666664
    ]
  },
  "1": {
    "eval_out_of_distribution": [
      0.0
    ]
  },
  "2": {
    "eval_out_of_distribution": [
      0.13043478260869565
    ]
  },
  "3": {
    "eval_out_of_distribution": [
      0.14285714285714285
    ]
  },
  "4": {
    "eval_out_of_distribution": [
      0.0
    ]
  },
  "5": {
    "eval_out_of_distribution": [
      0.0
    ]
  }
}