{
  "average": [
    0.5149253731343284
  ],
  "0": {
    "eval_out_of_distribution": [
      0.6666666666666666
    ]
  },
  "1": {
    "eval_out_of_distribution": [
      0.5161290322580645
    ]
  },
  "2": {
    "eval_out_of_distribution": [
      0.5652173913043478
    ]
  },
  "3": {
    "eval_out_of_distribution": [
      0.42857142857142855
    ]
  },
  "4": {
    "eval_out_of_distribution": [
      0.5555555555555556
    ]
  },
  "5": {
    "eval_out_of_distribution": [
      0.29411764705882354
    ]
  }
}