{
  "average": [
    0.4027777777777778
  ],
  "0": {
    "test": [
      0.5
    ]
  },
  "1": {
    "test": [
      0.8333333333333334
    ]
  },
  "2": {
    "test": [
      0.26666666666666666
    ]
  },
  "3": {
    "test": [
      0.5384615384615384
    ]
  },
  "4": {
    "test": [
      0.3125
    ]
  }
}