{
  "average": [
    0.4701492537313433
  ],
  "0": {
    "eval_out_of_distribution": [
      0.75
    ]
  },
  "1": {
    "eval_out_of_distribution": [
      0.4838709677419355
    ]
  },
  "2": {
    "eval_out_of_distribution": [
      0.2608695652173913
    ]
  },
  "3": {
    "eval_out_of_distribution": [
      0.14285714285714285
    ]
  },
  "4": {
    "eval_out_of_distribution": [
      0.5
    ]
  },
  "5": {
    "eval_out_of_distribution": [
      0.7058823529411765
    ]
  }
}