{
  "average": [
    0.4626865671641791
  ],
  "0": {
    "eval_out_of_distribution": [
      0.7916666666666666
    ]
  },
  "1": {
    "eval_out_of_distribution": [
      0.5806451612903226
    ]
  },
  "2": {
    "eval_out_of_distribution": [
      0.13043478260869565
    ]
  },
  "3": {
    "eval_out_of_distribution": [
      0.2857142857142857
    ]
  },
  "4": {
    "eval_out_of_distribution": [
      0.3888888888888889
    ]
  },
  "5": {
    "eval_out_of_distribution": [
      0.5294117647058824
    ]
  }
}