{
  "average": [
    0.6343283582089553
  ],
  "0": {
    "eval_out_of_distribution": [
      0.875
    ]
  },
  "1": {
    "eval_out_of_distribution": [
      0.6129032258064516
    ]
  },
  "2": {
    "eval_out_of_distribution": [
      0.6521739130434783
    ]
  },
  "3": {
    "eval_out_of_distribution": [
      0.5714285714285714
    ]
  },
  "4": {
    "eval_out_of_distribution": [
      0.5
    ]
  },
  "5": {
    "eval_out_of_distribution": [
      0.5294117647058824
    ]
  }
}