{
  "average": [
    0.7238805970149254
  ],
  "0": {
    "eval_out_of_distribution": [
      0.875
    ]
  },
  "1": {
    "eval_out_of_distribution": [
      0.8709677419354839
    ]
  },
  "2": {
    "eval_out_of_distribution": [
      0.782608695652174
    ]
  },
  "3": {
    "eval_out_of_distribution": [
      0.8095238095238095
    ]
  },
  "4": {
    "eval_out_of_distribution": [
      0.3888888888888889
    ]
  },
  "5": {
    "eval_out_of_distribution": [
      0.4117647058823529
    ]
  }
}