{
  "average": [
    0.5074626865671642
  ],
  "0": {
    "eval_out_of_distribution": [
      0.7916666666666666
    ]
  },
  "1": {
    "eval_out_of_distribution": [
      0.5806451612903226
    ]
  },
  "2": {
    "eval_out_of_distribution": [
      0.43478260869565216
    ]
  },
  "3": {
    "eval_out_of_distribution": [
      0.2857142857142857
    ]
  },
  "4": {
    "eval_out_of_distribution": [
      0.5
    ]
  },
  "5": {
    "eval_out_of_distribution": [
      0.35294117647058826
    ]
  }
}