{
  "average": [
    0.5298507462686567
  ],
  "0": {
    "eval_out_of_distribution": [
      0.9166666666666666
    ]
  },
  "1": {
    "eval_out_of_distribution": [
      0.5483870967741935
    ]
  },
  "2": {
    "eval_out_of_distribution": [
      0.08695652173913043
    ]
  },
  "3": {
    "eval_out_of_distribution": [
      0.38095238095238093
    ]
  },
  "4": {
    "eval_out_of_distribution": [
      0.3333333333333333
    ]
  },
  "5": {
    "eval_out_of_distribution": [
      0.9411764705882353
    ]
  }
}